Date,Time,Open,High,Low,Close,Volume
2024.03.04,14:00,18037.45,18037.93,18034.26,18034.67,330
2024.03.04,14:01,18034.67,18037.9,18033.86,18037.2,391
2024.03.04,14:02,18037.2,18037.9,18036.4,18037.26,389
2024.03.04,14:03,18037.26,18037.59,18035.81,18036.96,766
2024.03.04,14:04,18036.96,18037.5,18036.28,18036.9,366
2024.03.04,14:05,18036.9,18042.02,18035.22,18038.98,545
2024.03.04,14:06,18038.98,18040.66,18037.45,18039.71,708
2024.03.04,14:07,18039.71,18040.26,18038.74,18039.31,280
2024.03.04,14:08,18039.31,18043.19,18038.99,18041.36,305
2024.03.04,14:09,18041.36,18042.05,18036.36,18036.46,601
2024.03.04,14:10,18036.46,18038.33,18034.95,18037.01,537
2024.03.04,14:11,18037.01,18040.52,18031.44,18033.05,416
2024.03.04,14:12,18033.05,18036.55,18032.57,18033.91,264
2024.03.04,14:13,18033.91,18033.98,18032.53,18032.95,328
2024.03.04,14:14,18032.95,18035.73,18031.61,18034.4,689
2024.03.04,14:15,18034.4,18037.55,18033.94,18036.29,334
2024.03.04,14:16,18036.29,18038.04,18035.5,18035.87,773
2024.03.04,14:17,18035.87,18037.64,18032.6,18033.95,746
2024.03.04,14:18,18033.95,18034.06,18029.89,18031.35,417
2024.03.04,14:19,18031.35,18034.51,18030.09,18033.34,592
2024.03.04,14:20,18033.34,18033.84,18029.73,18031.8,440
2024.03.04,14:21,18031.8,18031.94,18028.12,18031.1,684
2024.03.04,14:22,18031.1,18033.34,18028.58,18029.76,359
2024.03.04,14:23,18029.76,18034.06,18028.53,18031.62,777
2024.03.04,14:24,18031.62,18032.96,18027.8,18027.96,755
2024.03.04,14:25,18027.96,18029.4,18025.25,18025.57,705
2024.03.04,14:26,18025.57,18026.86,18024.36,18024.75,482
2024.03.04,14:27,18024.75,18027.81,18024.31,18025.9,458
2024.03.04,14:28,18025.9,18026.27,18023.78,18025.91,433
2024.03.04,14:29,18025.91,18026.59,18024.61,18024.86,573
2024.03.04,14:30,18024.86,18029.48,18023.54,18026.56,741
2024.03.04,14:31,18026.56,18031.4,18026.51,18027.56,1251
2024.03.04,14:32,18027.56,18029.82,18026.25,18028.95,684
2024.03.04,14:33,18028.95,18031.33,18028.11,18030.18,1029
2024.03.04,14:34,18030.18,18034.63,18028.6,18033.12,579
2024.03.04,14:35,18033.12,18033.83,18032.78,18032.82,1281
2024.03.04,14:36,18032.82,18032.98,18031.72,18032.71,763
2024.03.04,14:37,18032.71,18035.64,18031.7,18035.44,1254
2024.03.04,14:38,18035.44,18039.6,18034.37,18037.7,788
2024.03.04,14:39,18037.7,18042.2,18034.6,18040.37,637
2024.03.04,14:40,18040.37,18043.69,18038.69,18041.84,562
2024.03.04,14:41,18041.84,18045.55,18040.79,18043.46,1316
2024.03.04,14:42,18043.46,18043.7,18039.24,18041.24,1314
2024.03.04,14:43,18041.24,18045.15,18038.6,18042.68,1115
2024.03.04,14:44,18042.68,18044.15,18040.84,18043.93,927
2024.03.04,14:45,18043.93,18044.39,18039.26,18040.95,1435
2024.03.04,14:46,18040.95,18042.38,18035.05,18038.78,1256
2024.03.04,14:47,18038.78,18040.25,18034.93,18036.83,1100
2024.03.04,14:48,18036.83,18036.89,18029.41,18032.09,700
2024.03.04,14:49,18032.09,18032.93,18024.76,18028.53,1254
2024.03.04,14:50,18028.53,18030.07,18022.44,18024.2,326
2024.03.04,14:51,18024.2,18024.22,18019.06,18021.97,583
2024.03.04,14:52,18021.97,18022.76,18021.46,18021.47,846
2024.03.04,14:53,18021.47,18021.49,18016.53,18016.91,1369
2024.03.04,14:54,18016.91,18018.34,18014.61,18015.55,1422
2024.03.04,14:55,18015.55,18018.38,18014.36,18016.48,1484
2024.03.04,14:56,18016.48,18017.98,18005.86,18012.86,855
2024.03.04,14:57,18012.86,18013.4,18009.35,18011.54,985
2024.03.04,14:58,18011.54,18021.67,18009.93,18021.21,1153
2024.03.04,14:59,18021.21,18040.71,18019.16,18039.21,1427
2024.03.04,15:00,18039.21,18056.19,18037.1,18054.03,1499
2024.03.04,15:01,18054.03,18072.16,18050.92,18071.22,707
2024.03.04,15:02,18071.22,18092.76,18069.48,18092.71,335
2024.03.04,15:03,18092.71,18094.99,18085.38,18087.28,1271
2024.03.04,15:04,18087.28,18090.41,18079.44,18083.44,1153
2024.03.04,15:05,18083.44,18084.35,18078.7,18079.52,981
2024.03.04,15:06,18079.52,18086.66,18077.34,18085.71,743
2024.03.04,15:07,18085.71,18093.37,18083.29,18092.35,1291
2024.03.04,15:08,18092.35,18101.22,18088.66,18096.44,1122
2024.03.04,15:09,18096.44,18101.3,18093.26,18100.33,1040
2024.03.04,15:10,18100.33,18106.82,18098.98,18103.26,1381
2024.03.04,15:11,18103.26,18108.19,18102.62,18106.53,787
2024.03.04,15:12,18106.53,18109.69,18105.38,18109.32,1003
2024.03.04,15:13,18109.32,18118.53,18106.28,18116.47,1296
2024.03.04,15:14,18116.47,18118.78,18114.84,18118.1,1392
2024.03.04,15:15,18118.1,18121.04,18117.0,18119.84,656
2024.03.04,15:16,18119.84,18126.75,18116.98,18123.48,1423
2024.03.04,15:17,18123.48,18126.22,18123.36,18125.29,1068
2024.03.04,15:18,18125.29,18134.68,18124.46,18130.81,1339
2024.03.04,15:19,18130.81,18134.31,18130.67,18133.11,1151
2024.03.04,15:20,18133.11,18138.33,18130.55,18134.53,679
2024.03.04,15:21,18134.53,18137.41,18133.64,18136.87,1491
2024.03.04,15:22,18136.87,18141.55,18136.46,18140.58,1075
2024.03.04,15:23,18140.58,18146.87,18138.1,18144.91,1125
2024.03.04,15:24,18144.91,18146.81,18140.18,18143.08,712
2024.03.04,15:25,18143.08,18148.08,18138.08,18139.08,975
2024.03.04,15:26,18139.08,18140.34,18137.24,18138.9,756
2024.03.04,15:27,18138.9,18142.64,18124.96,18128.34,1422
2024.03.04,15:28,18128.34,18130.78,18112.71,18114.05,336
2024.03.04,15:29,18114.05,18115.58,18097.99,18100.21,578
2024.03.04,15:30,18100.21,18100.73,18082.28,18082.3,1028
2024.03.04,15:31,18082.3,18083.67,18062.61,18063.23,476
2024.03.04,15:32,18063.23,18069.79,18063.03,18067.82,1150
2024.03.04,15:33,18067.82,18073.6,18067.79,18071.89,1392
2024.03.04,15:34,18071.89,18075.91,18069.57,18073.48,1474
2024.03.04,15:35,18073.48,18076.24,18072.99,18075.56,1365
2024.03.04,15:36,18075.56,18081.51,18075.38,18080.7,1497
2024.03.04,15:37,18080.7,18081.57,18080.24,18080.65,1245
2024.03.04,15:38,18080.65,18080.81,18073.48,18075.6,799
2024.03.04,15:39,18075.6,18076.6,18075.23,18076.02,1455
2024.03.04,15:40,18076.02,18081.6,18071.34,18079.7,466
2024.03.04,15:41,18079.7,18081.41,18078.02,18078.34,338
2024.03.04,15:42,18078.34,18079.19,18070.39,18073.28,775
2024.03.04,15:43,18073.28,18074.58,18066.16,18067.24,1324
2024.03.04,15:44,18067.24,18068.76,18062.53,18063.62,1123
2024.03.04,15:45,18063.62,18068.75,18053.66,18055.95,357
2024.03.04,15:46,18055.95,18056.34,18055.75,18056.32,346
2024.03.04,15:47,18056.32,18059.22,18051.78,18053.7,955
2024.03.04,15:48,18053.7,18054.92,18051.95,18054.5,672
2024.03.04,15:49,18054.5,18056.18,18052.3,18053.5,389
2024.03.04,15:50,18053.5,18054.61,18047.54,18049.14,1039
2024.03.04,15:51,18049.14,18052.96,18044.1,18044.83,760
2024.03.04,15:52,18044.83,18045.81,18039.19,18041.83,1123
2024.03.04,15:53,18041.83,18047.31,18039.76,18047.02,1328
2024.03.04,15:54,18047.02,18047.59,18045.91,18046.5,362
2024.03.04,15:55,18046.5,18048.81,18042.16,18042.91,988
2024.03.04,15:56,18042.91,18045.39,18039.08,18042.27,1122
2024.03.04,15:57,18042.27,18042.79,18039.57,18040.17,1070
2024.03.04,15:58,18040.17,18045.04,18039.54,18044.42,300
2024.03.04,15:59,18044.42,18044.66,18038.29,18039.32,748
2024.03.04,16:00,18039.32,18045.29,18037.67,18042.2,453
2024.03.04,16:01,18042.2,18049.16,18040.45,18040.99,1070
2024.03.04,16:02,18040.99,18044.36,18036.87,18044.23,1062
2024.03.04,16:03,18044.23,18051.24,18043.69,18049.19,1218
2024.03.04,16:04,18049.19,18053.57,18047.26,18050.83,1063
2024.03.04,16:05,18050.83,18052.7,18050.35,18052.59,1097
2024.03.04,16:06,18052.59,18052.82,18048.96,18049.68,1283
2024.03.04,16:07,18049.68,18055.07,18048.61,18054.54,1429
2024.03.04,16:08,18054.54,18054.65,18048.36,18049.13,352
2024.03.04,16:09,18049.13,18051.43,18047.53,18048.73,342
2024.03.04,16:10,18048.73,18048.88,18045.86,18048.06,580
2024.03.04,16:11,18048.06,18049.35,18046.15,18049.23,392
2024.03.04,16:12,18049.23,18049.93,18047.92,18049.15,903
2024.03.04,16:13,18049.15,18049.63,18047.11,18047.27,1137
2024.03.04,16:14,18047.27,18049.34,18045.54,18046.65,1401
2024.03.04,16:15,18046.65,18049.08,18040.43,18042.75,1093
2024.03.04,16:16,18042.75,18046.41,18041.05,18044.0,924
2024.03.04,16:17,18044.0,18044.35,18041.76,18041.84,602
2024.03.04,16:18,18041.84,18046.44,18037.68,18040.71,664
2024.03.04,16:19,18040.71,18045.31,18039.14,18044.51,1218
2024.03.04,16:20,18044.51,18055.69,18044.25,18053.45,1038
2024.03.04,16:21,18053.45,18055.19,18049.83,18050.28,784
2024.03.04,16:22,18050.28,18053.34,18047.16,18050.76,324
2024.03.04,16:23,18050.76,18053.19,18049.45,18051.08,408
2024.03.04,16:24,18051.08,18059.75,18050.28,18058.5,1047
2024.03.04,16:25,18058.5,18063.92,18057.16,18063.14,991
2024.03.04,16:26,18063.14,18069.44,18060.34,18065.62,961
2024.03.04,16:27,18065.62,18068.24,18063.1,18067.01,923
2024.03.04,16:28,18067.01,18067.84,18063.91,18065.56,1122
2024.03.04,16:29,18065.56,18067.16,18063.34,18063.63,945
2024.03.05,14:00,18111.13,18115.73,18110.28,18115.62,591
2024.03.05,14:01,18115.62,18119.56,18115.49,18117.7,525
2024.03.05,14:02,18117.7,18120.53,18114.93,18119.3,519
2024.03.05,14:03,18119.3,18119.99,18117.99,18119.97,710
2024.03.05,14:04,18119.97,18129.34,18119.75,18126.93,209
2024.03.05,14:05,18126.93,18129.92,18122.93,18125.91,212
2024.03.05,14:06,18125.91,18126.3,18124.34,18124.45,749
2024.03.05,14:07,18124.45,18127.11,18120.34,18121.89,780
2024.03.05,14:08,18121.89,18123.73,18121.76,18122.82,771
2024.03.05,14:09,18122.82,18123.0,18122.26,18122.43,428
2024.03.05,14:10,18122.43,18123.08,18120.62,18121.21,578
2024.03.05,14:11,18121.21,18122.33,18119.79,18120.16,241
2024.03.05,14:12,18120.16,18123.78,18117.1,18123.16,621
2024.03.05,14:13,18123.16,18126.65,18118.38,18120.64,344
2024.03.05,14:14,18120.64,18121.88,18118.71,18120.04,238
2024.03.05,14:15,18120.04,18122.5,18118.33,18120.28,647
2024.03.05,14:16,18120.28,18124.6,18119.04,18124.55,610
2024.03.05,14:17,18124.55,18129.34,18123.95,18127.07,317
2024.03.05,14:18,18127.07,18130.96,18126.43,18130.29,329
2024.03.05,14:19,18130.29,18130.33,18128.71,18128.91,491
2024.03.05,14:20,18128.91,18133.06,18127.14,18130.7,222
2024.03.05,14:21,18130.7,18131.69,18128.92,18129.0,595
2024.03.05,14:22,18129.0,18129.66,18127.37,18128.33,555
2024.03.05,14:23,18128.33,18133.15,18126.38,18132.24,250
2024.03.05,14:24,18132.24,18132.85,18132.11,18132.7,604
2024.03.05,14:25,18132.7,18135.26,18132.06,18134.66,200
2024.03.05,14:26,18134.66,18136.44,18132.12,18134.8,508
2024.03.05,14:27,18134.8,18140.23,18133.92,18138.62,316
2024.03.05,14:28,18138.62,18138.99,18134.75,18136.33,585
2024.03.05,14:29,18136.33,18138.66,18131.54,18135.71,546
2024.03.05,14:30,18135.71,18136.23,18132.46,18134.71,963
2024.03.05,14:31,18134.71,18138.27,18134.15,18135.88,1484
2024.03.05,14:32,18135.88,18142.61,18133.85,18138.92,1407
2024.03.05,14:33,18138.92,18145.54,18135.66,18140.99,641
2024.03.05,14:34,18140.99,18146.19,18140.96,18146.08,1251
2024.03.05,14:35,18146.08,18147.15,18145.77,18146.92,584
2024.03.05,14:36,18146.92,18149.85,18145.04,18145.64,1068
2024.03.05,14:37,18145.64,18149.02,18142.64,18148.51,493
2024.03.05,14:38,18148.51,18154.1,18143.93,18147.11,1224
2024.03.05,14:39,18147.11,18148.53,18146.74,18148.31,1077
2024.03.05,14:40,18148.31,18153.45,18147.59,18150.8,1331
2024.03.05,14:41,18150.8,18153.12,18148.54,18151.67,627
2024.03.05,14:42,18151.67,18153.09,18150.67,18152.83,1306
2024.03.05,14:43,18152.83,18154.56,18150.97,18152.21,1411
2024.03.05,14:44,18152.21,18155.92,18151.49,18155.03,464
2024.03.05,14:45,18155.03,18155.58,18151.99,18154.1,1122
2024.03.05,14:46,18154.1,18157.63,18146.28,18148.76,1006
2024.03.05,14:47,18148.76,18151.87,18143.76,18144.97,560
2024.03.05,14:48,18144.97,18146.31,18142.44,18144.34,1153
2024.03.05,14:49,18144.34,18145.05,18140.63,18141.14,1481
2024.03.05,14:50,18141.14,18141.2,18139.36,18140.03,1438
2024.03.05,14:51,18140.03,18143.43,18139.01,18139.18,536
2024.03.05,14:52,18139.18,18140.12,18131.78,18133.78,965
2024.03.05,14:53,18133.78,18136.45,18133.58,18133.87,1104
2024.03.05,14:54,18133.87,18135.83,18129.27,18130.09,1476
2024.03.05,14:55,18130.09,18133.71,18129.34,18129.38,641
2024.03.05,14:56,18129.38,18130.88,18116.71,18123.71,626
2024.03.05,14:57,18123.71,18129.47,18121.7,18126.33,1221
2024.03.05,14:58,18126.33,18139.65,18125.34,18136.84,429
2024.03.05,14:59,18136.84,18156.29,18136.47,18154.84,1093
2024.03.05,15:00,18154.84,18171.74,18154.59,18170.09,486
2024.03.05,15:01,18170.09,18193.17,18165.93,18189.66,1057
2024.03.05,15:02,18189.66,18211.46,18187.42,18211.36,1050
2024.03.05,15:03,18211.36,18214.4,18205.95,18205.96,664
2024.03.05,15:04,18205.96,18206.71,18198.71,18200.81,372
2024.03.05,15:05,18200.81,18201.48,18194.04,18197.99,341
2024.03.05,15:06,18197.99,18204.49,18197.83,18202.89,407
2024.03.05,15:07,18202.89,18207.27,18199.37,18205.42,1367
2024.03.05,15:08,18205.42,18213.43,18203.4,18212.1,311
2024.03.05,15:09,18212.1,18218.57,18210.47,18218.33,673
2024.03.05,15:10,18218.33,18223.45,18218.31,18223.37,765
2024.03.05,15:11,18223.37,18223.93,18221.73,18223.82,634
2024.03.05,15:12,18223.82,18229.45,18221.71,18227.29,987
2024.03.05,15:13,18227.29,18231.72,18225.97,18229.79,671
2024.03.05,15:14,18229.79,18234.91,18228.02,18233.98,914
2024.03.05,15:15,18233.98,18237.39,18233.11,18236.47,1421
2024.03.05,15:16,18236.47,18238.16,18234.44,18238.0,1285
2024.03.05,15:17,18238.0,18239.88,18237.18,18239.61,1281
2024.03.05,15:18,18239.61,18241.68,18235.75,18238.72,315
2024.03.05,15:19,18238.72,18242.63,18236.53,18242.23,845
2024.03.05,15:20,18242.23,18243.66,18240.58,18240.68,1362
2024.03.05,15:21,18240.68,18247.87,18239.32,18246.57,1225
2024.03.05,15:22,18246.57,18249.94,18242.77,18246.29,688
2024.03.05,15:23,18246.29,18246.89,18244.59,18245.5,592
2024.03.05,15:24,18245.5,18245.57,18244.77,18245.24,1116
2024.03.05,15:25,18245.24,18250.24,18240.24,18241.24,943
2024.03.05,15:26,18241.24,18242.85,18239.05,18239.59,310
2024.03.05,15:27,18239.59,18239.79,18229.54,18229.65,1184
2024.03.05,15:28,18229.65,18230.65,18216.08,18217.02,353
2024.03.05,15:29,18217.02,18217.76,18200.18,18202.53,989
2024.03.05,15:30,18202.53,18202.53,18185.02,18185.19,1080
2024.03.05,15:31,18185.19,18185.6,18163.11,18166.14,628
2024.03.05,15:32,18166.14,18170.65,18165.78,18168.89,1220
2024.03.05,15:33,18168.89,18171.95,18168.49,18170.93,1254
2024.03.05,15:34,18170.93,18174.27,18170.84,18172.57,336
2024.03.05,15:35,18172.57,18173.96,18168.25,18170.37,1272
2024.03.05,15:36,18170.37,18172.75,18164.97,18170.02,997
2024.03.05,15:37,18170.02,18173.75,18166.49,18168.13,339
2024.03.05,15:38,18168.13,18169.06,18162.43,18162.91,1491
2024.03.05,15:39,18162.91,18164.81,18161.97,18163.53,1115
2024.03.05,15:40,18163.53,18166.71,18161.4,18165.69,490
2024.03.05,15:41,18165.69,18170.76,18164.5,18168.9,432
2024.03.05,15:42,18168.9,18170.57,18166.11,18167.49,655
2024.03.05,15:43,18167.49,18171.81,18166.8,18168.67,594
2024.03.05,15:44,18168.67,18174.12,18168.11,18170.33,747
2024.03.05,15:45,18170.33,18173.32,18166.96,18167.39,766
2024.03.05,15:46,18167.39,18170.99,18167.19,18167.83,871
2024.03.05,15:47,18167.83,18169.48,18166.43,18168.37,577
2024.03.05,15:48,18168.37,18169.41,18168.0,18168.6,1340
2024.03.05,15:49,18168.6,18170.1,18165.13,18167.08,1185
2024.03.05,15:50,18167.08,18173.41,18165.97,18170.37,680
2024.03.05,15:51,18170.37,18172.46,18170.03,18171.2,1356
2024.03.05,15:52,18171.2,18175.27,18169.04,18170.51,1037
2024.03.05,15:53,18170.51,18175.91,18170.15,18173.45,1186
2024.03.05,15:54,18173.45,18175.2,18170.59,18171.52,1407
2024.03.05,15:55,18171.52,18175.51,18169.77,18172.95,1148
2024.03.05,15:56,18172.95,18174.43,18172.27,18173.95,869
2024.03.05,15:57,18173.95,18178.78,18173.24,18178.29,1486
2024.03.05,15:58,18178.29,18178.75,18176.31,18178.22,507
2024.03.05,15:59,18178.22,18180.65,18176.58,18176.89,1284
2024.03.05,16:00,18176.89,18178.53,18175.75,18177.61,498
2024.03.05,16:01,18177.61,18180.55,18176.97,18178.66,992
2024.03.05,16:02,18178.66,18181.34,18175.02,18177.87,820
2024.03.05,16:03,18177.87,18179.47,18175.01,18179.39,1025
2024.03.05,16:04,18179.39,18180.52,18173.05,18174.32,1020
2024.03.05,16:05,18174.32,18177.91,18169.47,18177.0,906
2024.03.05,16:06,18177.0,18181.96,18176.49,18179.41,1411
2024.03.05,16:07,18179.41,18181.16,18179.31,18180.52,1409
2024.03.05,16:08,18180.52,18182.81,18178.26,18178.39,888
2024.03.05,16:09,18178.39,18178.75,18174.28,18175.75,493
2024.03.05,16:10,18175.75,18179.31,18175.54,18178.21,616
2024.03.05,16:11,18178.21,18181.83,18176.37,18177.08,1407
2024.03.05,16:12,18177.08,18181.0,18174.45,18179.93,709
2024.03.05,16:13,18179.93,18181.38,18179.88,18180.22,1173
2024.03.05,16:14,18180.22,18185.9,18176.76,18184.98,421
2024.03.05,16:15,18184.98,18188.61,18180.93,18187.91,984
2024.03.05,16:16,18187.91,18190.32,18187.86,18189.18,1213
2024.03.05,16:17,18189.18,18197.92,18186.78,18195.3,611
2024.03.05,16:18,18195.3,18195.54,18193.89,18195.12,392
2024.03.05,16:19,18195.12,18197.81,18191.01,18191.75,1202
2024.03.05,16:20,18191.75,18194.94,18189.88,18194.72,703
2024.03.05,16:21,18194.72,18199.81,18193.21,18197.04,831
2024.03.05,16:22,18197.04,18206.75,18191.85,18206.06,1440
2024.03.05,16:23,18206.06,18210.13,18202.97,18206.99,634
2024.03.05,16:24,18206.99,18208.76,18204.87,18206.17,936
2024.03.05,16:25,18206.17,18207.24,18198.64,18201.14,320
2024.03.05,16:26,18201.14,18201.94,18197.98,18198.97,1239
2024.03.05,16:27,18198.97,18199.91,18194.32,18199.45,592
2024.03.05,16:28,18199.45,18201.8,18197.99,18199.07,313
2024.03.05,16:29,18199.07,18203.54,18197.19,18197.66,429
2024.03.06,14:00,18157.19,18158.8,18152.3,18153.87,460
2024.03.06,14:01,18153.87,18155.54,18152.07,18153.14,500
2024.03.06,14:02,18153.14,18154.28,18150.99,18151.22,791
2024.03.06,14:03,18151.22,18156.85,18150.84,18153.71,560
2024.03.06,14:04,18153.71,18154.35,18147.57,18149.82,775
2024.03.06,14:05,18149.82,18153.89,18147.55,18151.94,306
2024.03.06,14:06,18151.94,18155.89,18150.12,18154.06,755
2024.03.06,14:07,18154.06,18155.7,18153.59,18153.84,450
2024.03.06,14:08,18153.84,18154.66,18152.95,18153.02,219
2024.03.06,14:09,18153.02,18153.24,18150.58,18151.3,234
2024.03.06,14:10,18151.3,18153.25,18151.18,18153.13,405
2024.03.06,14:11,18153.13,18154.45,18145.71,18148.14,441
2024.03.06,14:12,18148.14,18149.16,18147.94,18148.48,694
2024.03.06,14:13,18148.48,18154.38,18148.05,18151.2,493
2024.03.06,14:14,18151.2,18155.53,18150.28,18153.97,540
2024.03.06,14:15,18153.97,18154.38,18150.36,18151.34,551
2024.03.06,14:16,18151.34,18155.18,18151.26,18153.35,613
2024.03.06,14:17,18153.35,18157.45,18153.26,18153.84,502
2024.03.06,14:18,18153.84,18153.94,18152.42,18152.72,200
2024.03.06,14:19,18152.72,18154.8,18151.0,18153.84,252
2024.03.06,14:20,18153.84,18158.66,18152.36,18155.94,774
2024.03.06,14:21,18155.94,18156.04,18154.35,18154.84,784
2024.03.06,14:22,18154.84,18155.6,18153.73,18154.18,301
2024.03.06,14:23,18154.18,18155.97,18150.38,18152.22,653
2024.03.06,14:24,18152.22,18154.78,18150.02,18154.2,654
2024.03.06,14:25,18154.2,18156.11,18149.48,18151.95,672
2024.03.06,14:26,18151.95,18157.98,18151.49,18154.61,466
2024.03.06,14:27,18154.61,18157.07,18153.01,18154.52,202
2024.03.06,14:28,18154.52,18156.16,18154.39,18156.08,499
2024.03.06,14:29,18156.08,18159.7,18152.32,18153.12,542
2024.03.06,14:30,18153.12,18156.97,18151.6,18155.26,1092
2024.03.06,14:31,18155.26,18159.25,18152.2,18156.88,623
2024.03.06,14:32,18156.88,18158.86,18156.81,18157.75,1307
2024.03.06,14:33,18157.75,18161.85,18156.95,18157.51,1050
2024.03.06,14:34,18157.51,18164.45,18157.0,18162.5,301
2024.03.06,14:35,18162.5,18163.95,18159.32,18162.74,649
2024.03.06,14:36,18162.74,18166.54,18162.53,18164.61,1258
2024.03.06,14:37,18164.61,18164.93,18161.68,18163.55,597
2024.03.06,14:38,18163.55,18166.12,18162.6,18164.53,858
2024.03.06,14:39,18164.53,18164.78,18161.26,18162.34,1441
2024.03.06,14:40,18162.34,18168.79,18161.18,18167.96,1283
2024.03.06,14:41,18167.96,18173.03,18167.36,18170.73,883
2024.03.06,14:42,18170.73,18174.82,18169.02,18171.81,963
2024.03.06,14:43,18171.81,18172.4,18168.16,18170.66,1156
2024.03.06,14:44,18170.66,18173.81,18166.21,18172.25,986
2024.03.06,14:45,18172.25,18173.25,18167.02,18167.74,972
2024.03.06,14:46,18167.74,18168.0,18164.92,18165.0,1287
2024.03.06,14:47,18165.0,18166.12,18159.97,18162.35,1268
2024.03.06,14:48,18162.35,18165.72,18161.51,18162.14,562
2024.03.06,14:49,18162.14,18163.75,18156.14,18159.42,936
2024.03.06,14:50,18159.42,18161.63,18157.56,18158.17,853
2024.03.06,14:51,18158.17,18158.51,18153.85,18154.36,335
2024.03.06,14:52,18154.36,18156.39,18149.38,18150.68,1007
2024.03.06,14:53,18150.68,18153.15,18145.89,18146.32,1255
2024.03.06,14:54,18146.32,18147.72,18141.73,18143.79,366
2024.03.06,14:55,18143.79,18148.89,18143.04,18144.9,641
2024.03.06,14:56,18144.9,18146.4,18134.12,18141.12,729
2024.03.06,14:57,18141.12,18144.63,18139.71,18143.8,752
2024.03.06,14:58,18143.8,18154.82,18141.95,18153.74,1316
2024.03.06,14:59,18153.74,18174.12,18151.24,18171.74,1335
2024.03.06,15:00,18171.74,18190.07,18169.31,18187.44,1279
2024.03.06,15:01,18187.44,18205.1,18185.93,18204.1,585
2024.03.06,15:02,18204.1,18231.53,18203.32,18226.89,1277
2024.03.06,15:03,18226.89,18227.56,18221.01,18221.32,1037
2024.03.06,15:04,18221.32,18222.68,18216.93,18219.28,660
2024.03.06,15:05,18219.28,18220.3,18212.24,18214.45,610
2024.03.06,15:06,18214.45,18216.04,18213.39,18215.14,442
2024.03.06,15:07,18215.14,18220.2,18213.3,18220.01,433
2024.03.06,15:08,18220.01,18224.55,18219.11,18223.83,372
2024.03.06,15:09,18223.83,18228.14,18223.65,18227.06,565
2024.03.06,15:10,18227.06,18232.4,18226.66,18231.95,1121
2024.03.06,15:11,18231.95,18240.47,18230.92,18237.27,782
2024.03.06,15:12,18237.27,18244.47,18236.66,18242.34,1440
2024.03.06,15:13,18242.34,18247.22,18239.18,18245.12,1496
2024.03.06,15:14,18245.12,18248.81,18245.01,18247.79,391
2024.03.06,15:15,18247.79,18254.17,18245.91,18250.22,689
2024.03.06,15:16,18250.22,18255.32,18247.71,18252.0,586
2024.03.06,15:17,18252.0,18253.09,18250.88,18252.97,1479
2024.03.06,15:18,18252.97,18255.58,18252.36,18254.35,1403
2024.03.06,15:19,18254.35,18260.8,18251.8,18257.76,400
2024.03.06,15:20,18257.76,18263.77,18255.93,18260.7,1119
2024.03.06,15:21,18260.7,18264.97,18258.94,18264.12,1067
2024.03.06,15:22,18264.12,18268.15,18261.78,18267.13,391
2024.03.06,15:23,18267.13,18267.31,18266.3,18267.16,685
2024.03.06,15:24,18267.16,18267.62,18263.96,18266.06,1041
2024.03.06,15:25,18266.06,18271.06,18261.06,18262.06,1190
2024.03.06,15:26,18262.06,18264.39,18261.14,18262.81,1336
2024.03.06,15:27,18262.81,18262.84,18250.45,18251.61,1294
2024.03.06,15:28,18251.61,18254.23,18236.44,18239.93,928
2024.03.06,15:29,18239.93,18242.31,18224.84,18224.92,923
2024.03.06,15:30,18224.92,18228.35,18204.51,18207.25,853
2024.03.06,15:31,18207.25,18207.82,18185.22,18185.64,404
2024.03.06,15:32,18185.64,18192.39,18185.24,18190.93,541
2024.03.06,15:33,18190.93,18198.66,18189.72,18194.35,1101
2024.03.06,15:34,18194.35,18200.32,18193.62,18196.0,1155
2024.03.06,15:35,18196.0,18196.06,18194.41,18194.93,1331
2024.03.06,15:36,18194.93,18195.3,18190.84,18193.53,735
2024.03.06,15:37,18193.53,18194.89,18188.0,18190.32,839
2024.03.06,15:38,18190.32,18193.88,18184.28,18186.79,819
2024.03.06,15:39,18186.79,18189.05,18185.28,18187.05,1220
2024.03.06,15:40,18187.05,18187.29,18186.07,18186.12,1066
2024.03.06,15:41,18186.12,18190.45,18182.52,18187.54,650
2024.03.06,15:42,18187.54,18195.18,18187.08,18194.33,787
2024.03.06,15:43,18194.33,18197.81,18187.41,18191.31,1284
2024.03.06,15:44,18191.31,18192.83,18189.05,18189.47,985
2024.03.06,15:45,18189.47,18193.14,18187.2,18190.71,338
2024.03.06,15:46,18190.71,18194.55,18188.28,18192.92,537
2024.03.06,15:47,18192.92,18194.25,18189.86,18192.2,502
2024.03.06,15:48,18192.2,18196.88,18191.62,18195.28,1069
2024.03.06,15:49,18195.28,18196.08,18188.52,18189.83,582
2024.03.06,15:50,18189.83,18190.9,18188.64,18189.49,577
2024.03.06,15:51,18189.49,18194.09,18184.21,18186.37,995
2024.03.06,15:52,18186.37,18186.85,18181.49,18183.49,1434
2024.03.06,15:53,18183.49,18184.22,18181.08,18183.8,428
2024.03.06,15:54,18183.8,18185.81,18182.09,18185.12,1173
2024.03.06,15:55,18185.12,18187.71,18180.8,18182.96,601
2024.03.06,15:56,18182.96,18183.85,18176.68,18179.07,799
2024.03.06,15:57,18179.07,18181.47,18176.78,18176.94,613
2024.03.06,15:58,18176.94,18179.15,18171.38,18172.29,1424
2024.03.06,15:59,18172.29,18172.87,18167.65,18169.53,1455
2024.03.06,16:00,18169.53,18171.68,18166.13,18171.0,1121
2024.03.06,16:01,18171.0,18178.12,18168.47,18175.07,1380
2024.03.06,16:02,18175.07,18178.39,18170.38,18170.44,635
2024.03.06,16:03,18170.44,18174.83,18168.45,18173.36,1065
2024.03.06,16:04,18173.36,18181.28,18172.75,18180.6,1214
2024.03.06,16:05,18180.6,18182.24,18180.49,18180.5,705
2024.03.06,16:06,18180.5,18185.1,18180.33,18183.4,1039
2024.03.06,16:07,18183.4,18187.74,18182.24,18187.02,780
2024.03.06,16:08,18187.02,18187.26,18183.44,18186.47,1270
2024.03.06,16:09,18186.47,18189.88,18184.36,18188.06,460
2024.03.06,16:10,18188.06,18195.5,18187.36,18193.35,377
2024.03.06,16:11,18193.35,18195.53,18191.6,18193.83,901
2024.03.06,16:12,18193.83,18194.53,18186.95,18189.77,1272
2024.03.06,16:13,18189.77,18191.21,18182.6,18185.95,1009
2024.03.06,16:14,18185.95,18186.29,18177.9,18179.96,348
2024.03.06,16:15,18179.96,18181.35,18178.87,18179.08,655
2024.03.06,16:16,18179.08,18182.62,18175.37,18178.7,1108
2024.03.06,16:17,18178.7,18179.4,18174.83,18177.02,487
2024.03.06,16:18,18177.02,18179.26,18176.39,18178.91,1175
2024.03.06,16:19,18178.91,18180.82,18176.65,18178.55,569
2024.03.06,16:20,18178.55,18180.4,18175.13,18175.73,504
2024.03.06,16:21,18175.73,18181.57,18174.76,18180.14,895
2024.03.06,16:22,18180.14,18187.06,18177.51,18183.0,1393
2024.03.06,16:23,18183.0,18183.49,18179.24,18179.41,1243
2024.03.06,16:24,18179.41,18180.47,18172.83,18174.42,1283
2024.03.06,16:25,18174.42,18176.96,18168.21,18170.36,1152
2024.03.06,16:26,18170.36,18172.69,18163.75,18165.22,626
2024.03.06,16:27,18165.22,18166.16,18158.66,18162.48,872
2024.03.06,16:28,18162.48,18164.86,18162.13,18163.47,828
2024.03.06,16:29,18163.47,18166.15,18160.97,18162.07,909
2024.03.07,14:00,18160.54,18162.99,18157.0,18161.63,285
2024.03.07,14:01,18161.63,18163.05,18158.07,18159.11,493
2024.03.07,14:02,18159.11,18161.17,18157.68,18158.65,731
2024.03.07,14:03,18158.65,18161.02,18156.24,18156.65,413
2024.03.07,14:04,18156.65,18157.34,18151.84,18154.22,646
2024.03.07,14:05,18154.22,18156.5,18154.04,18155.17,243
2024.03.07,14:06,18155.17,18159.96,18154.27,18154.71,578
2024.03.07,14:07,18154.71,18156.68,18151.98,18152.84,506
2024.03.07,14:08,18152.84,18153.6,18151.13,18151.52,496
2024.03.07,14:09,18151.52,18154.33,18148.07,18149.69,766
2024.03.07,14:10,18149.69,18150.5,18146.77,18146.84,667
2024.03.07,14:11,18146.84,18151.07,18146.52,18149.23,586
2024.03.07,14:12,18149.23,18151.61,18149.19,18151.2,419
2024.03.07,14:13,18151.2,18152.02,18147.22,18148.0,459
2024.03.07,14:14,18148.0,18149.71,18145.83,18145.85,732
2024.03.07,14:15,18145.85,18147.99,18144.09,18146.6,301
2024.03.07,14:16,18146.6,18148.74,18145.85,18147.58,426
2024.03.07,14:17,18147.58,18149.48,18147.14,18148.98,571
2024.03.07,14:18,18148.98,18150.77,18147.31,18149.67,330
2024.03.07,14:19,18149.67,18149.77,18146.01,18147.57,476
2024.03.07,14:20,18147.57,18150.03,18145.7,18146.07,537
2024.03.07,14:21,18146.07,18148.27,18144.19,18147.13,375
2024.03.07,14:22,18147.13,18151.85,18146.48,18151.08,488
2024.03.07,14:23,18151.08,18152.6,18149.9,18152.04,265
2024.03.07,14:24,18152.04,18152.79,18148.43,18149.73,342
2024.03.07,14:25,18149.73,18151.27,18146.81,18148.79,659
2024.03.07,14:26,18148.79,18151.39,18147.5,18150.49,418
2024.03.07,14:27,18150.49,18152.81,18150.27,18151.36,757
2024.03.07,14:28,18151.36,18154.31,18148.1,18154.13,741
2024.03.07,14:29,18154.13,18156.39,18152.01,18156.25,480
2024.03.07,14:30,18156.25,18157.02,18155.16,18156.89,583
2024.03.07,14:31,18156.89,18161.38,18154.72,18159.51,932
2024.03.07,14:32,18159.51,18162.46,18158.83,18161.69,975
2024.03.07,14:33,18161.69,18162.29,18160.99,18161.84,619
2024.03.07,14:34,18161.84,18162.9,18159.0,18160.49,340
2024.03.07,14:35,18160.49,18161.45,18158.69,18160.59,1450
2024.03.07,14:36,18160.59,18167.5,18159.58,18163.0,567
2024.03.07,14:37,18163.0,18165.8,18160.67,18165.66,1312
2024.03.07,14:38,18165.66,18169.45,18165.28,18168.45,642
2024.03.07,14:39,18168.45,18174.68,18167.07,18171.06,473
2024.03.07,14:40,18171.06,18175.44,18170.79,18172.69,531
2024.03.07,14:41,18172.69,18174.99,18171.43,18174.83,804
2024.03.07,14:42,18174.83,18176.4,18171.73,18173.67,375
2024.03.07,14:43,18173.67,18178.91,18173.31,18174.57,493
2024.03.07,14:44,18174.57,18178.6,18172.76,18175.1,872
2024.03.07,14:45,18175.1,18176.32,18172.08,18172.15,661
2024.03.07,14:46,18172.15,18172.32,18164.44,18167.45,952
2024.03.07,14:47,18167.45,18169.77,18165.99,18166.23,1180
2024.03.07,14:48,18166.23,18167.74,18162.63,18163.27,617
2024.03.07,14:49,18163.27,18164.29,18162.62,18162.85,532
2024.03.07,14:50,18162.85,18163.24,18157.14,18158.91,1118
2024.03.07,14:51,18158.91,18159.31,18154.8,18156.78,696
2024.03.07,14:52,18156.78,18157.01,18152.19,18153.71,300
2024.03.07,14:53,18153.71,18156.67,18149.67,18151.09,883
2024.03.07,14:54,18151.09,18152.11,18145.91,18149.07,901
2024.03.07,14:55,18149.07,18151.25,18147.84,18150.96,1149
2024.03.07,14:56,18150.96,18152.46,18137.25,18144.25,923
2024.03.07,14:57,18144.25,18148.83,18142.47,18144.41,711
2024.03.07,14:58,18144.41,18155.95,18144.19,18154.11,631
2024.03.07,14:59,18154.11,18173.41,18153.77,18172.11,404
2024.03.07,15:00,18172.11,18190.17,18171.5,18188.55,1209
2024.03.07,15:01,18188.55,18208.72,18186.64,18208.26,1407
2024.03.07,15:02,18208.26,18233.21,18206.73,18230.54,686
2024.03.07,15:03,18230.54,18230.76,18223.33,18223.4,718
2024.03.07,15:04,18223.4,18225.07,18218.49,18218.69,1285
2024.03.07,15:05,18218.69,18221.66,18213.42,18215.52,719
2024.03.07,15:06,18215.52,18222.23,18213.68,18219.85,1353
2024.03.07,15:07,18219.85,18227.83,18219.27,18227.33,1146
2024.03.07,15:08,18227.33,18232.97,18226.87,18232.25,1398
2024.03.07,15:09,18232.25,18235.02,18229.08,18232.68,978
2024.03.07,15:10,18232.68,18240.57,18232.59,18238.04,306
2024.03.07,15:11,18238.04,18240.47,18237.94,18239.61,1306
2024.03.07,15:12,18239.61,18242.79,18238.18,18242.49,1116
2024.03.07,15:13,18242.49,18248.06,18239.46,18247.83,1354
2024.03.07,15:14,18247.83,18256.12,18246.98,18254.5,1136
2024.03.07,15:15,18254.5,18254.77,18254.28,18254.57,662
2024.03.07,15:16,18254.57,18258.53,18253.85,18256.34,561
2024.03.07,15:17,18256.34,18261.15,18255.22,18257.95,424
2024.03.07,15:18,18257.95,18262.31,18255.04,18259.51,1358
2024.03.07,15:19,18259.51,18263.67,18256.43,18261.87,1307
2024.03.07,15:20,18261.87,18267.13,18258.03,18261.64,664
2024.03.07,15:21,18261.64,18265.6,18258.04,18264.59,1432
2024.03.07,15:22,18264.59,18268.3,18262.86,18265.78,599
2024.03.07,15:23,18265.78,18270.56,18265.19,18268.04,782
2024.03.07,15:24,18268.04,18268.69,18265.14,18265.85,1295
2024.03.07,15:25,18265.85,18270.85,18260.85,18261.85,1034
2024.03.07,15:26,18261.85,18263.56,18259.47,18261.56,1061
2024.03.07,15:27,18261.56,18265.0,18249.79,18250.36,819
2024.03.07,15:28,18250.36,18251.5,18234.78,18237.83,363
2024.03.07,15:29,18237.83,18241.16,18219.95,18223.07,1463
2024.03.07,15:30,18223.07,18223.22,18204.17,18204.9,1317
2024.03.07,15:31,18204.9,18205.65,18186.8,18186.86,1119
2024.03.07,15:32,18186.86,18194.21,18183.97,18192.12,706
2024.03.07,15:33,18192.12,18195.56,18187.28,18195.08,1060
2024.03.07,15:34,18195.08,18200.7,18194.86,18199.04,903
2024.03.07,15:35,18199.04,18202.65,18197.75,18201.6,1071
2024.03.07,15:36,18201.6,18204.38,18198.94,18200.98,742
2024.03.07,15:37,18200.98,18202.43,18196.58,18198.3,1437
2024.03.07,15:38,18198.3,18204.35,18196.4,18203.87,619
2024.03.07,15:39,18203.87,18208.82,18201.11,18206.88,493
2024.03.07,15:40,18206.88,18211.95,18203.98,18210.22,1486
2024.03.07,15:41,18210.22,18211.41,18208.5,18210.34,946
2024.03.07,15:42,18210.34,18211.05,18208.44,18209.67,440
2024.03.07,15:43,18209.67,18211.54,18208.16,18209.94,1451
2024.03.07,15:44,18209.94,18210.47,18208.7,18210.18,1101
2024.03.07,15:45,18210.18,18211.14,18208.69,18210.82,713
2024.03.07,15:46,18210.82,18218.42,18207.37,18216.85,344
2024.03.07,15:47,18216.85,18218.62,18215.63,18218.56,1389
2024.03.07,15:48,18218.56,18220.2,18216.95,18218.27,621
2024.03.07,15:49,18218.27,18221.1,18216.85,18220.78,410
2024.03.07,15:50,18220.78,18222.44,18217.59,18221.76,931
2024.03.07,15:51,18221.76,18223.42,18218.8,18219.19,1032
2024.03.07,15:52,18219.19,18222.9,18216.23,18222.34,1080
2024.03.07,15:53,18222.34,18226.12,18219.93,18222.81,1025
2024.03.07,15:54,18222.81,18226.0,18222.54,18224.3,959
2024.03.07,15:55,18224.3,18229.48,18222.74,18227.27,711
2024.03.07,15:56,18227.27,18229.34,18223.63,18224.67,559
2024.03.07,15:57,18224.67,18225.46,18218.14,18219.16,1335
2024.03.07,15:58,18219.16,18219.21,18212.69,18213.36,1398
2024.03.07,15:59,18213.36,18214.67,18207.14,18210.22,1290
2024.03.07,16:00,18210.22,18212.83,18208.83,18211.6,508
2024.03.07,16:01,18211.6,18217.8,18209.35,18216.09,932
2024.03.07,16:02,18216.09,18217.72,18210.8,18211.75,911
2024.03.07,16:03,18211.75,18217.83,18209.37,18214.07,990
2024.03.07,16:04,18214.07,18215.73,18209.19,18214.57,931
2024.03.07,16:05,18214.57,18216.25,18213.04,18213.86,534
2024.03.07,16:06,18213.86,18214.28,18211.75,18214.14,832
2024.03.07,16:07,18214.14,18221.5,18213.32,18217.01,1109
2024.03.07,16:08,18217.01,18218.95,18214.74,18216.7,526
2024.03.07,16:09,18216.7,18217.72,18215.18,18215.48,1336
2024.03.07,16:10,18215.48,18219.52,18214.68,18218.88,628
2024.03.07,16:11,18218.88,18220.82,18217.62,18220.03,1423
2024.03.07,16:12,18220.03,18225.85,18218.55,18222.64,573
2024.03.07,16:13,18222.64,18222.92,18220.41,18221.09,1121
2024.03.07,16:14,18221.09,18221.66,18219.33,18221.37,348
2024.03.07,16:15,18221.37,18221.45,18214.82,18216.83,1367
2024.03.07,16:16,18216.83,18218.69,18216.24,18217.42,1167
2024.03.07,16:17,18217.42,18219.14,18214.18,18216.57,1183
2024.03.07,16:18,18216.57,18217.1,18216.17,18216.22,529
2024.03.07,16:19,18216.22,18218.1,18213.09,18217.56,1083
2024.03.07,16:20,18217.56,18220.71,18217.08,18217.62,1457
2024.03.07,16:21,18217.62,18221.67,18216.17,18217.9,964
2024.03.07,16:22,18217.9,18221.0,18215.42,18217.9,1019
2024.03.07,16:23,18217.9,18219.88,18210.5,18213.2,922
2024.03.07,16:24,18213.2,18218.35,18212.46,18214.46,1368
2024.03.07,16:25,18214.46,18220.82,18212.8,18217.62,494
2024.03.07,16:26,18217.62,18218.55,18216.38,18218.26,1447
2024.03.07,16:27,18218.26,18226.57,18218.17,18225.18,1427
2024.03.07,16:28,18225.18,18225.64,18222.42,18224.94,661
2024.03.07,16:29,18224.94,18227.21,18220.91,18222.79,760
2024.03.08,14:00,18253.9,18256.27,18248.9,18250.66,248
2024.03.08,14:01,18250.66,18253.01,18250.03,18252.78,637
2024.03.08,14:02,18252.78,18255.36,18252.3,18255.25,204
2024.03.08,14:03,18255.25,18257.98,18255.22,18255.63,447
2024.03.08,14:04,18255.63,18255.9,18248.57,18251.61,652
2024.03.08,14:05,18251.61,18252.61,18251.33,18251.62,645
2024.03.08,14:06,18251.62,18259.94,18250.78,18257.09,717
2024.03.08,14:07,18257.09,18259.23,18256.49,18256.89,434
2024.03.08,14:08,18256.89,18257.49,18254.77,18254.79,691
2024.03.08,14:09,18254.79,18257.65,18254.1,18255.25,473
2024.03.08,14:10,18255.25,18255.49,18253.22,18253.46,459
2024.03.08,14:11,18253.46,18254.37,18252.32,18253.56,324
2024.03.08,14:12,18253.56,18254.66,18252.6,18254.63,207
2024.03.08,14:13,18254.63,18256.94,18253.06,18255.85,626
2024.03.08,14:14,18255.85,18256.56,18251.23,18253.46,285
2024.03.08,14:15,18253.46,18256.05,18252.93,18254.35,747
2024.03.08,14:16,18254.35,18256.2,18253.4,18255.89,369
2024.03.08,14:17,18255.89,18257.22,18252.04,18252.72,655
2024.03.08,14:18,18252.72,18253.86,18250.36,18251.2,372
2024.03.08,14:19,18251.2,18251.74,18246.59,18247.56,446
2024.03.08,14:20,18247.56,18249.96,18243.83,18244.2,558
2024.03.08,14:21,18244.2,18247.37,18242.69,18244.57,473
2024.03.08,14:22,18244.57,18246.99,18238.77,18239.97,392
2024.03.08,14:23,18239.97,18242.16,18239.69,18241.84,779
2024.03.08,14:24,18241.84,18244.81,18237.16,18237.99,481
2024.03.08,14:25,18237.99,18244.85,18237.73,18244.57,398
2024.03.08,14:26,18244.57,18245.96,18243.91,18244.1,598
2024.03.08,14:27,18244.1,18250.01,18243.78,18247.88,752
2024.03.08,14:28,18247.88,18252.18,18247.74,18249.74,674
2024.03.08,14:29,18249.74,18253.65,18248.65,18248.95,479
2024.03.08,14:30,18248.95,18253.04,18246.83,18251.55,589
2024.03.08,14:31,18251.55,18252.21,18249.45,18251.99,927
2024.03.08,14:32,18251.99,18252.61,18251.3,18252.45,1124
2024.03.08,14:33,18252.45,18254.28,18252.18,18252.98,979
2024.03.08,14:34,18252.98,18255.26,18250.92,18253.22,641
2024.03.08,14:35,18253.22,18254.88,18250.92,18253.52,1050
2024.03.08,14:36,18253.52,18258.25,18251.82,18257.29,1168
2024.03.08,14:37,18257.29,18260.67,18256.13,18258.94,505
2024.03.08,14:38,18258.94,18261.3,18257.53,18259.66,609
2024.03.08,14:39,18259.66,18263.33,18257.7,18259.86,1237
2024.03.08,14:40,18259.86,18261.17,18259.02,18260.13,309
2024.03.08,14:41,18260.13,18268.48,18259.54,18263.99,735
2024.03.08,14:42,18263.99,18264.65,18260.93,18263.85,862
2024.03.08,14:43,18263.85,18267.23,18263.48,18266.02,1411
2024.03.08,14:44,18266.02,18267.71,18265.18,18266.95,1062
2024.03.08,14:45,18266.95,18268.24,18263.59,18265.82,544
2024.03.08,14:46,18265.82,18267.38,18262.88,18263.79,482
2024.03.08,14:47,18263.79,18267.55,18262.56,18263.54,1423
2024.03.08,14:48,18263.54,18265.24,18260.93,18261.51,787
2024.03.08,14:49,18261.51,18262.49,18255.69,18258.18,973
2024.03.08,14:50,18258.18,18258.9,18250.92,18252.7,1188
2024.03.08,14:51,18252.7,18257.28,18246.96,18250.81,492
2024.03.08,14:52,18250.81,18254.71,18246.74,18247.58,1412
2024.03.08,14:53,18247.58,18248.54,18242.52,18244.25,1474
2024.03.08,14:54,18244.25,18245.37,18241.49,18243.05,674
2024.03.08,14:55,18243.05,18246.48,18242.53,18244.05,894
2024.03.08,14:56,18244.05,18245.55,18229.95,18236.95,778
2024.03.08,14:57,18236.95,18239.3,18234.95,18238.02,439
2024.03.08,14:58,18238.02,18249.96,18235.8,18246.92,868
2024.03.08,14:59,18246.92,18266.82,18245.46,18264.92,349
2024.03.08,15:00,18264.92,18283.27,18263.61,18279.64,496
2024.03.08,15:01,18279.64,18298.89,18278.24,18298.81,514
2024.03.08,15:02,18298.81,18322.38,18296.15,18321.66,1059
2024.03.08,15:03,18321.66,18322.2,18314.86,18315.63,980
2024.03.08,15:04,18315.63,18317.41,18309.1,18311.17,724
2024.03.08,15:05,18311.17,18314.06,18307.92,18308.27,397
2024.03.08,15:06,18308.27,18315.36,18308.01,18311.87,885
2024.03.08,15:07,18311.87,18315.8,18309.49,18314.93,529
2024.03.08,15:08,18314.93,18320.26,18313.49,18320.02,447
2024.03.08,15:09,18320.02,18330.15,18317.42,18327.47,1101
2024.03.08,15:10,18327.47,18334.74,18324.56,18332.93,372
2024.03.08,15:11,18332.93,18341.14,18330.68,18338.07,807
2024.03.08,15:12,18338.07,18339.7,18336.05,18339.43,1120
2024.03.08,15:13,18339.43,18342.45,18336.1,18341.9,324
2024.03.08,15:14,18341.9,18346.23,18340.9,18345.95,600
2024.03.08,15:15,18345.95,18346.98,18344.04,18345.19,1396
2024.03.08,15:16,18345.19,18347.87,18344.35,18347.09,561
2024.03.08,15:17,18347.09,18349.41,18346.64,18349.06,1450
2024.03.08,15:18,18349.06,18351.21,18348.46,18350.51,943
2024.03.08,15:19,18350.51,18356.01,18350.47,18355.02,342
2024.03.08,15:20,18355.02,18359.48,18353.64,18356.89,511
2024.03.08,15:21,18356.89,18362.03,18354.95,18359.77,1484
2024.03.08,15:22,18359.77,18360.93,18358.48,18358.96,938
2024.03.08,15:23,18358.96,18359.37,18356.02,18358.86,902
2024.03.08,15:24,18358.86,18360.38,18358.46,18358.54,789
2024.03.08,15:25,18358.54,18363.54,18353.54,18354.54,672
2024.03.08,15:26,18354.54,18355.71,18352.43,18354.13,1164
2024.03.08,15:27,18354.13,18354.74,18342.3,18343.75,867
2024.03.08,15:28,18343.75,18346.47,18330.16,18330.82,1041
2024.03.08,15:29,18330.82,18334.06,18312.65,18316.72,391
2024.03.08,15:30,18316.72,18322.12,18298.29,18299.22,1071
2024.03.08,15:31,18299.22,18302.55,18277.31,18280.56,1174
2024.03.08,15:32,18280.56,18286.39,18280.06,18286.36,1273
2024.03.08,15:33,18286.36,18289.84,18286.05,18289.78,1361
2024.03.08,15:34,18289.78,18294.43,18288.07,18292.42,602
2024.03.08,15:35,18292.42,18296.39,18291.76,18295.0,368
2024.03.08,15:36,18295.0,18304.28,18293.28,18300.31,351
2024.03.08,15:37,18300.31,18300.53,18297.16,18297.41,843
2024.03.08,15:38,18297.41,18300.0,18294.63,18298.79,613
2024.03.08,15:39,18298.79,18303.3,18297.09,18302.84,1310
2024.03.08,15:40,18302.84,18304.9,18298.22,18301.11,386
2024.03.08,15:41,18301.11,18301.48,18300.78,18301.13,713
2024.03.08,15:42,18301.13,18309.26,18300.19,18307.0,952
2024.03.08,15:43,18307.0,18308.54,18300.97,18303.92,1368
2024.03.08,15:44,18303.92,18308.39,18301.43,18306.55,588
2024.03.08,15:45,18306.55,18308.53,18302.85,18306.42,715
2024.03.08,15:46,18306.42,18307.27,18303.71,18305.27,1231
2024.03.08,15:47,18305.27,18305.78,18303.43,18304.11,1334
2024.03.08,15:48,18304.11,18305.24,18297.63,18299.68,1498
2024.03.08,15:49,18299.68,18306.71,18298.94,18305.64,494
2024.03.08,15:50,18305.64,18310.71,18305.64,18308.6,440
2024.03.08,15:51,18308.6,18309.25,18302.56,18304.41,538
2024.03.08,15:52,18304.41,18306.7,18303.74,18304.86,939
2024.03.08,15:53,18304.86,18304.88,18301.4,18302.19,604
2024.03.08,15:54,18302.19,18306.6,18300.14,18305.17,550
2024.03.08,15:55,18305.17,18311.07,18302.95,18305.83,715
2024.03.08,15:56,18305.83,18308.15,18304.0,18307.44,1416
2024.03.08,15:57,18307.44,18311.08,18306.76,18310.36,798
2024.03.08,15:58,18310.36,18311.71,18306.81,18308.9,958
2024.03.08,15:59,18308.9,18319.56,18308.77,18317.96,841
2024.03.08,16:00,18317.96,18319.31,18314.92,18314.97,1050
2024.03.08,16:01,18314.97,18315.96,18312.82,18312.91,1031
2024.03.08,16:02,18312.91,18313.76,18311.33,18313.69,634
2024.03.08,16:03,18313.69,18313.82,18303.5,18304.65,302
2024.03.08,16:04,18304.65,18307.59,18300.21,18300.58,1142
2024.03.08,16:05,18300.58,18303.16,18296.49,18298.43,1197
2024.03.08,16:06,18298.43,18302.65,18296.97,18297.5,1459
2024.03.08,16:07,18297.5,18304.61,18293.09,18301.74,1106
2024.03.08,16:08,18301.74,18306.37,18300.14,18304.82,1415
2024.03.08,16:09,18304.82,18309.34,18304.59,18309.04,1224
2024.03.08,16:10,18309.04,18310.42,18304.75,18307.28,1157
2024.03.08,16:11,18307.28,18313.33,18305.39,18312.95,1237
2024.03.08,16:12,18312.95,18316.35,18308.79,18310.4,915
2024.03.08,16:13,18310.4,18316.8,18308.83,18314.62,1254
2024.03.08,16:14,18314.62,18318.86,18310.46,18317.14,695
2024.03.08,16:15,18317.14,18324.74,18313.0,18321.11,1035
2024.03.08,16:16,18321.11,18329.79,18316.73,18325.46,360
2024.03.08,16:17,18325.46,18329.11,18323.67,18326.76,455
2024.03.08,16:18,18326.76,18327.34,18319.08,18321.16,1298
2024.03.08,16:19,18321.16,18323.58,18320.11,18322.35,1186
2024.03.08,16:20,18322.35,18325.22,18318.28,18319.2,874
2024.03.08,16:21,18319.2,18320.33,18315.58,18318.7,907
2024.03.08,16:22,18318.7,18322.58,18318.51,18319.45,1201
2024.03.08,16:23,18319.45,18322.17,18317.72,18318.36,754
2024.03.08,16:24,18318.36,18319.65,18315.24,18316.66,987
2024.03.08,16:25,18316.66,18321.63,18314.3,18316.73,552
2024.03.08,16:26,18316.73,18317.08,18316.35,18316.95,807
2024.03.08,16:27,18316.95,18319.35,18315.15,18316.54,465
2024.03.08,16:28,18316.54,18318.76,18313.07,18313.14,814
2024.03.08,16:29,18313.14,18315.08,18308.85,18309.52,437
